match_id,t1_name,t2_name,t1_win,t1_officialwin_before,t2_officialwin_before,t1_pagerank_before,t2_pagerank_before,t1_playerrank_before,t2_playerrank_before
30991,Toronto Defiant,Paris Eternal,1,0,0,0,0,1500,1500
30992,New York Excelsior,London Spitfire,1,0,0,0,0,1500,1500
30993,Vancouver Titans,Los Angeles Gladiators,1,0,0,0,0,1500,1500
30994,Los Angeles Valiant,Dallas Fuel,1,0,0,0,0,1500,1500
30995,Paris Eternal,London Spitfire,1,0,0,0,0,1391.7661297072202,1383.4730255189825
30996,New York Excelsior,Boston Uprising,1,1,0,0.0666668098322432,0,1691.695415937338,1500
30997,Vancouver Titans,Los Angeles Valiant,1,1,1,0.2,0.2592595299077106,1717.5036661978118,1709.4225584033493
30998,San Francisco Shock,Dallas Fuel,1,0,0,0,0.033333333333333326,1500,1381.563378495424
31000,Shanghai Dragons,Chengdu Hunters,0,0,0,0.049161331815726156,0,1500,1500
31001,Houston Outlaws,Florida Mayhem,0,0,0,0,0,1434.6775594641201,1506.2100519511507
31002,Washington Justice,Philadelphia Fusion,0,0,0,0,0,1500,1500
31003,Hangzhou Spark,Chengdu Hunters,1,0,1,0,0,1500,1500
31005,Washington Justice,Houston Outlaws,1,0,0,0,0,1453.8729796477821,1440.3288086881262
31006,Philadelphia Fusion,Florida Mayhem,1,1,1,0.17695503323078965,0.05446623093683696,1709.156236371384,1649.7014642348622
31010,Philadelphia Fusion,New York Excelsior,1,2,2,0.18861209964405742,0.14669829972329504,1870.7932778950405,1830.3352872971375
31011,Houston Outlaws,Boston Uprising,0,0,0,0,0,1302.0495071913972,1452.8639148722866
31012,Washington Justice,Paris Eternal,0,1,1,0.036723163841807904,0.03333333333333333,1541.1607172767092,1552.87170891551
31016,New York Excelsior,Houston Outlaws,1,2,0,0.07639751552908122,0,1734.5442617349365,1233.0036362262895
31017,Toronto Defiant,Philadelphia Fusion,0,1,3,0.20396395308521842,0.22698989257160268,1710.9265430966082,1987.8466925866921
31018,Washington Justice,London Spitfire,0,1,0,0.03512396694254966,0,1439.144633555841,1354.1935457382594
31023,New York Excelsior,Florida Mayhem,1,3,1,0.07114624505928853,0.02371541501976284,1762.654845370298,1580.57699096629
31024,Toronto Defiant,Atlanta Reign,0,1,0,0.09090909090909091,0,1657.3112564168039,1500
31025,London Spitfire,Houston Outlaws,1,1,0,0.04983392937496741,0,1450.0001990372057,1267.2407077956855
31029,Philadelphia Fusion,Boston Uprising,1,4,1,0.37680172861673983,0.026109537778962286,1866.9806613937208,1567.4244767427792
31030,Paris Eternal,Atlanta Reign,1,2,1,0.056480874166188945,0.0319155292478988,1685.5845694727484,1732.4858947699784
31031,London Spitfire,Florida Mayhem,1,2,1,0.02616334283000997,0.020655270655270945,1549.049915597157,1537.6834382440081
31032,Toronto Defiant,Houston Outlaws,0,1,0,0.08333333333333333,0,1554.8615830618521,1205.9920731193438
31036,Toronto Defiant,Florida Mayhem,0,1,1,0.03590410338166948,0.0256617697647185,1383.3102762422407,1434.8883842701161
31037,Paris Eternal,Houston Outlaws,0,3,1,0.0772876667386379,0.023050791209127782,1762.7714159439188,1332.768209885957
31038,Washington Justice,Boston Uprising,1,1,1,0.02605441927227732,0.02605441927227732,1338.437207153801,1542.5164975683435
31042,Philadelphia Fusion,Paris Eternal,0,5,3,0.3358628072107409,0.07417683716205516,2035.2466559626525,1567.5538079341566
31043,Boston Uprising,Atlanta Reign,0,1,1,0.02233542824509412,0.04367836849397501,1359.8888640807802,1590.6812720794567
31044,Washington Justice,New York Excelsior,0,2,4,0.028729908223591814,0.058198621582031984,1453.8729796477821,1905.333810521238
31054,Washington Justice,Toronto Defiant,0,2,1,0.019499149687522647,0.05760134805454696,1416.5222093488576,1311.065896104626
31058,Hangzhou Spark,Guangzhou Charge,0,1,0,0.0630474451545645,0,1505.9116877201188,1637.8089325020821
31059,Washington Justice,Philadelphia Fusion,0,2,5,0.017446810152377895,0.11701556798296989,1410.5468616234618,1871.9528413460787
31060,Florida Mayhem,Atlanta Reign,0,2,2,0.029640376491346473,0.02514319226203278,1455.3778584840973,1763.3136391151181
31064,Philadelphia Fusion,Atlanta Reign,1,6,3,0.10839609934276938,0.030152435595965435,1846.1295623537887,1760.7039862742545
31066,Toronto Defiant,Boston Uprising,1,2,1,0.03251310760119243,0.019347532383746886,1418.2403900543825,1180.4985515435314
31071,Los Angeles Gladiators,Dallas Fuel,1,0,0,0.02957253926621465,0,1391.0863860832753,1349.0508679962177
31073,Paris Eternal,Houston Outlaws,1,4,2,0.08620096957566224,0.06891436012447315,1694.2756386885255,1476.05602250776
31087,Houston Outlaws,Boston Uprising,1,2,1,0.0640994347393616,0.018546624625106825,1465.8413673929826,1223.397317222894
31093,Toronto Defiant,Houston Outlaws,0,3,3,0.05489994058287731,0.06644305109453144,1472.7729874902288,1521.204916716255
31094,Philadelphia Fusion,Paris Eternal,1,7,5,0.07764337534137583,0.1254898111646438,1991.994202712175,1714.7492125270749
32804,San Francisco Shock,Los Angeles Valiant,1,1,1,0.01834258273080093,0.037195734257083855,1532.80573841319,1377.4884441832567
32811,Shanghai Dragons,Guangzhou Charge,1,0,1,0,0,1503.8143595250929,1637.8089325020821
32813,San Francisco Shock,Los Angeles Gladiators,0,2,1,0.02495125001034034,0,1616.7507444179048,1388.3589403957642
32814,San Francisco Shock,Los Angeles Valiant,0,2,1,0.021899503976483176,0.021899503976483176,1444.5036058804374,1482.8277458211962
32817,Los Angeles Valiant,Dallas Fuel,0,2,0,0.03257030123728911,0,1595.2813305421896,1349.0508679962177
32822,Houston Outlaws,Dallas Fuel,0,4,1,0.05363437268006889,0.01525089837065104,1482.1939305728908,1414.7950311670768
32823,Florida Mayhem,Boston Uprising,1,2,1,0.05230430734186997,0.017211533673357215,1610.3318853706398,1141.6817447132648
32824,New York Excelsior,Guangzhou Charge,1,5,1,0.054385184413496004,0.04717215632590874,1994.706566623763,1614.5437930565513
32825,Shanghai Dragons,Seoul Dynasty,1,1,0,0.056753547287526504,0.026918088359347406,1884.7525407039793,1820.055970276836
32826,Hangzhou Spark,Chengdu Hunters,1,1,1,0.032254901258331595,0.05608183117655198,1593.9427171136363,1482.2784048481988
32827,San Francisco Shock,Los Angeles Valiant,1,2,2,0.02784026836584837,0.02434360815282134,1715.7824055144756,1360.162374749105
32828,Philadelphia Fusion,Atlanta Reign,1,8,3,0.1219929157780713,0.03457717861626383,2106.0173202697792,1662.4123683111454
32829,New York Excelsior,Chengdu Hunters,1,6,1,0.0460786438579993,0.057256688148752885,1944.8612178145106,1548.5587555070367
32831,Shanghai Dragons,Guangzhou Charge,1,2,1,0.061482533253895064,0.04969229735226936,1835.200284788976,1635.2519750743425
32832,Shanghai Dragons,Chengdu Hunters,1,3,1,0.042266195583607766,0.02806940063091754,1853.3904188340496,1608.8901325813308
32833,Hangzhou Spark,Guangzhou Charge,1,2,1,0.01748517350157898,0.024479242902211474,1402.467058686054,1765.1667038287867
32841,San Francisco Shock,Los Angeles Gladiators,1,3,2,0.018988753601759837,0.0221535458687349,1463.5724637367803,1631.5639423298858
32842,Seoul Dynasty,Hangzhou Spark,1,0,3,0.021425266768756328,0.03806419316487772,1867.184086382905,1681.2125496074943
32843,Shanghai Dragons,Chengdu Hunters,1,4,1,0.06118956717981437,0.05602218136483683,1697.8848616844452,1607.586420274057
32844,Hangzhou Spark,Guangzhou Charge,0,3,1,0.041936747327697754,0.049918318235671846,1530.2913910687885,1660.596746652854
32845,Shanghai Dragons,Hangzhou Spark,1,5,3,0.06118956717981437,0.043667876909303543,1810.323713769234,1550.9966666382222
32851,Guangzhou Charge,Chengdu Hunters,0,2,1,0.05377059990509929,0.044981769660449436,1559.520481774028,1635.59690780122
32852,Shanghai Dragons,Guangzhou Charge,1,6,2,0.06800113657253767,0.06407252840621068,1740.2131869556763,1610.0441626899621
32853,San Francisco Shock,Dallas Fuel,1,4,2,0.025854529288807916,0.016097706105119878,1499.3786025869385,1507.6041313487167
32854,Hangzhou Spark,Chengdu Hunters,1,3,2,0.029141955835985698,0.02806940063091754,1674.4677130036496,1531.7498550198752
32855,Toronto Defiant,Boston Uprising,1,3,1,0.043084309019715286,0.018181952150565256,1475.837960647067,1223.397317222894
32856,Paris Eternal,Florida Mayhem,0,5,3,0.1392777724779843,0.030530356971888124,1614.9545588823646,1610.3478579795028
32857,Seoul Dynasty,Los Angeles Gladiators,1,1,2,0.03377777259748695,0.03754861540657543,1867.184086382905,1576.6864955431797
32861,Los Angeles Valiant,Los Angeles Gladiators,0,2,2,0.025104757227184322,0.025104757227184322,1484.9369234957815,1569.6343767909714
32862,Washington Justice,Atlanta Reign,0,2,3,0.022172175549683662,0.029737905749416767,1307.7563951018517,1767.8823824086421
32863,Guangzhou Charge,Chengdu Hunters,1,2,2,0.03511702893935357,0.09294409299896779,1655.4613983599568,1525.5166325112193
32864,Shanghai Dragons,Hangzhou Spark,1,7,4,0.05263157894736842,0.05263157894736842,1621.3376593554706,1402.467058686054
33021,Seoul Dynasty,Los Angeles Valiant,1,2,2,0,0.03759719008589377,1867.184086382905,1477.8988593097429
33022,Vancouver Titans,Guangzhou Charge,0,2,3,0.022586750788644985,0.028696409794227773,1817.532170629983,1378.083953127568
33071,Washington Justice,Dallas Fuel,0,2,2,0.02137974875302498,0.014195583596214995,1383.2614420220928,1398.4388947083517
33081,Vancouver Titans,Chengdu Hunters,0,2,2,0.023292127521339284,0.028633702017230825,1689.4334404881697,1412.5151678659008
34128,London Spitfire,Hangzhou Spark,0,3,4,0.029471976619919186,0.05294898689978754,1573.3030625973502,1674.4677130036496
34129,Guangzhou Charge,Chengdu Hunters,1,4,3,0.06900878716220696,0.07922391067437244,1842.6799834736548,1535.9506036143605
34130,Shanghai Dragons,Hangzhou Spark,1,8,5,0.10686624584221686,0.058554479703180506,1900.9777719118902,1637.7581529878682
34189,Los Angeles Valiant,Boston Uprising,1,2,1,0.03574757682029778,0.013337104575513348,1498.4505894395259,1121.2304561597946
34190,Washington Justice,Florida Mayhem,0,2,4,0.018129974203552036,0.0397784097600582,1411.354186107875,1671.0311731447193
34191,Vancouver Titans,Houston Outlaws,0,2,4,0.02242972024419223,0.03505035356469585,1101.582321193793,1513.7846732720172
34192,New York Excelsior,Hangzhou Spark,1,7,5,0.05443396362645743,0.057143797417947825,1892.0110337133174,1624.9691976394072
34193,Shanghai Dragons,London Spitfire,1,9,3,0.10604642930818041,0.03015232681252958,1919.0155527462284,1580.493355338306
34194,Seoul Dynasty,Chengdu Hunters,0,3,3,0.07527703779619578,0.0699411819365111,1553.43328962508,1551.879173388701
34195,Vancouver Titans,Florida Mayhem,0,2,5,0.022427161455949297,0.03559623515183895,1156.5224591409115,1711.7395226912786
34196,Toronto Defiant,San Francisco Shock,0,4,5,0.03106115675357664,0.03674436503504552,1407.8284326821959,1762.8361347604568
34197,Philadelphia Fusion,Dallas Fuel,1,9,3,0.08449966800627615,0.021662938248974962,2121.4015521500537,1581.6501887439506
34198,London Spitfire,Guangzhou Charge,0,3,5,0.0288159632864312,0.07303478270835552,1598.908183668554,1808.9745804249437
34201,Houston Outlaws,Atlanta Reign,0,5,4,0.037440709393413,0.02498204037503942,1438.2191408378258,1681.122074404483
34202,Toronto Defiant,Los Angeles Valiant,0,4,3,0.03131962794422315,0.03601473680215052,1429.4950683609006,1456.9548877737814
34211,Washington Justice,Vancouver Titans,1,2,2,0.01488035523250788,0.02231517400964852,1357.2123127533287,1121.6953148951825
34221,Paris Eternal,Los Angeles Gladiators,1,5,3,0.09495289308918983,0.03939363606249608,1694.8079348275148,1599.3138535036217
34222,New York Excelsior,Guangzhou Charge,0,8,6,0.05740070847309396,0.06778739056599493,1843.537095012917,1782.4512293139958
34223,London Spitfire,Chengdu Hunters,1,3,4,0.02196284598556795,0.07751177180128759,1663.339088415253,1475.8774232583094
34224,Shanghai Dragons,Seoul Dynasty,0,10,3,0.1146706921534023,0.03563199300493773,1853.4829417721548,1749.7598689844156
34225,Toronto Defiant,Los Angeles Gladiators,0,4,3,0.03085354690213217,0.03557715137941165,1404.7486130332304,1656.1204304831479
34226,Florida Mayhem,Boston Uprising,1,6,1,0.03727879564403379,0.013842560244335328,1646.5981484097595,1138.8386368040667
34227,Philadelphia Fusion,Paris Eternal,1,10,6,0.08450837398156862,0.09791642582301528,2025.4614583617274,1608.5127014909153
34228,New York Excelsior,Chengdu Hunters,1,8,4,0.057153556923843815,0.12486067326662462,1949.5458595041043,1524.491028852808
34229,Seoul Dynasty,Hangzhou Spark,0,4,5,0.03450028741479895,0.06289512242801641,1556.1507384078475,1679.4847610320396
34230,San Francisco Shock,Houston Outlaws,1,6,5,0.037177829736240356,0.04151838701136856,1755.3846475709904,1480.4893503455216
34231,Los Angeles Valiant,Atlanta Reign,1,4,5,0.028222928255608334,0.027175896436696715,1498.4266983363925,1510.377900997497
34232,Washington Justice,Dallas Fuel,0,3,3,0.016528610714211453,0.020360678062494246,1283.2589252974713,1581.5679119237914
34233,Shanghai Dragons,New York Excelsior,1,10,9,0.08157884930027151,0.058781831566069545,1897.5662209751147,1912.1395606246285
34234,Seoul Dynasty,Guangzhou Charge,0,4,7,0.030167467917596467,0.04590121782719318,1644.6153346823448,1696.9590946655799
34235,Vancouver Titans,Philadelphia Fusion,0,2,11,0.020931164079306785,0.0864582450726524,1500,1890.2180613161966
34241,Paris Eternal,Dallas Fuel,1,6,4,0.09894541917577244,0.021253724268246878,1739.9360491754246,1545.1565650805958
34491,Paris Eternal,Boston Uprising,1,7,1,0.10344219308392016,0.01936906367002679,1739.9360491754246,1307.5209601352492
34492,Toronto Defiant,Atlanta Reign,0,4,5,0.03331761117291003,0.02702950860346713,1400.5155823941022,1704.8925031911265
34493,Washington Justice,Los Angeles Gladiators,0,3,4,0.016999985327907446,0.03952951238784975,1335.8431677515084,1543.6709269162159
34494,Houston Outlaws,Dallas Fuel,0,5,4,0.03729108550335729,0.021372257633945676,1456.3246412425403,1581.5415860193052
34495,Vancouver Titans,Toronto Defiant,0,2,4,0.021368458913701663,0.031125639148926323,1115.1356640593253,1447.8177101792326
34501,San Francisco Shock,Dallas Fuel,1,7,5,0.04387008985604639,0.023583774870200233,1803.4719453754494,1545.1565650805958
34502,Paris Eternal,Los Angeles Valiant,0,8,5,0.10536850315281662,0.03819635407758876,1762.1485356728724,1543.0255867137387
34503,Philadelphia Fusion,Los Angeles Gladiators,1,12,5,0.08668262902105647,0.039738835303623724,2124.1567869196547,1544.8251531336764
34504,Florida Mayhem,Atlanta Reign,1,7,6,0.03889851771792142,0.02919243794420662,1784.5764723453178,1620.8616609975195
34505,San Francisco Shock,Los Angeles Valiant,1,8,6,0.04634911653399419,0.05130577254233322,1835.9560262887103,1543.0255867137387
34506,San Francisco Shock,Florida Mayhem,1,9,8,0.04745959481670972,0.06285954701329786,1873.8090750459621,1784.5764723453178
34507,Philadelphia Fusion,Florida Mayhem,0,13,8,0.07792437120147501,0.03745700900847232,2017.9885752830533,1818.5152687359086
34512,Seoul Dynasty,Hangzhou Spark,1,4,6,0.06967201935762267,0.05651511892682606,1748.2835712024828,1630.955497103603
34513,New York Excelsior,Chengdu Hunters,1,9,4,0.05535647901926555,0.07731249573686938,1892.0110337133174,1523.3996264374434
34514,Shanghai Dragons,London Spitfire,1,11,4,0.10003189111218404,0.027590451635031047,1886.3947879708116,1528.0062244773665
34515,Seoul Dynasty,Guangzhou Charge,1,5,8,0.07484483597230956,0.06898420939443163,1709.0091984562312,1835.1177734123764
34516,Shanghai Dragons,Seoul Dynasty,1,12,6,0.1086413968976964,0.0847811123364535,1898.060731761277,1768.6653267090226
34517,Shanghai Dragons,New York Excelsior,1,13,10,0.10012520075241148,0.05661257584486197,1974.2681182105246,1868.8541574568155
34521,Los Angeles Gladiators,Boston Uprising,0,5,1,0.038170796822146524,0.013437242327011644,1478.9376960191955,1290.0317943073396
34531,San Francisco Shock,Atlanta Reign,1,10,6,0.03965472042872126,0.028481910500332316,1746.7070475210219,1716.230670352612
34601,Seoul Dynasty,Chengdu Hunters,1,6,4,0.0836259096750749,0.07449374802066165,1572.9258570686136,1480.7443194450905
34602,Shanghai Dragons,Hangzhou Spark,1,14,6,0.11292747704866532,0.05186195211811581,2058.9246628356,1590.5356153584266
34603,Washington Justice,Los Angeles Gladiators,0,3,5,0.015522650143138313,0.05041010003080147,1291.4719806339765,1539.0840671579826
34604,Vancouver Titans,Boston Uprising,1,2,2,0.024677781801601482,0.017718952172794324,1295.719998272174,1236.5456342327864
34605,Toronto Defiant,Dallas Fuel,0,5,5,0.024376445317751707,0.022603079427155684,1332.7964300461156,1452.776130455867
34606,Houston Outlaws,Florida Mayhem,0,5,9,0.029631083303496474,0.057365188344932455,1469.7015178496151,1798.6685674470525
34607,London Spitfire,Hangzhou Spark,1,4,6,0.029274121402443398,0.05198699376982731,1605.5704958699532,1585.3588539695718
34608,Shanghai Dragons,Seoul Dynasty,1,15,7,0.10969479640488984,0.08409839559077156,2041.5176639346046,1670.4930745877928
34609,Guangzhou Charge,Chengdu Hunters,1,8,4,0.06844294215240444,0.07396110554223145,1862.4168085652473,1437.5245763928328
34610,Washington Justice,San Francisco Shock,0,3,11,0.015706555488365897,0.06342454432578835,1314.2972487298048,1915.2663812016322
34611,Los Angeles Valiant,Florida Mayhem,1,6,10,0.050789315013414216,0.05862727214566771,1669.9228883027672,1779.1386697115177
34612,Philadelphia Fusion,Boston Uprising,1,13,2,0.06694752992581067,0.017759177519239135,2122.3382703937664,1314.4643499930316
34613,New York Excelsior,London Spitfire,1,10,5,0.06372187304987428,0.03178306780535925,1859.861026049059,1545.7435391387587
34614,Shanghai Dragons,Chengdu Hunters,1,16,4,0.11006024834725107,0.07397104638877115,1948.6993563209285,1442.78931189596
34615,Hangzhou Spark,Guangzhou Charge,0,6,9,0.05637027555779717,0.06707748486926084,1668.387837132432,1844.8478378265033
34616,Vancouver Titans,Dallas Fuel,1,3,6,0.02162389577330287,0.02227659289046419,1230.6691709560603,1355.0885895974516
34617,Los Angeles Gladiators,Houston Outlaws,0,6,5,0.050062739296218725,0.024089297436265134,1482.5937516794831,1501.8594510259818
34618,Toronto Defiant,Atlanta Reign,0,5,6,0.024653475826075535,0.02783136674940954,1403.373358766472,1582.1175001913239
34619,San Francisco Shock,Paris Eternal,1,12,8,0.05753481421579175,0.059159473184548256,1864.3956166409062,1663.443392909228
34620,New York Excelsior,Hangzhou Spark,0,11,6,0.06511197812094,0.04624145186855361,1773.1238706426211,1743.646132189057
34621,London Spitfire,Chengdu Hunters,1,5,4,0.02851715125088267,0.07572479828592914,1585.4670808409821,1436.6719086741998
34622,Seoul Dynasty,Guangzhou Charge,0,7,10,0.08563752472522211,0.06142116395713906,1620.496228909986,1817.043045559285
34623,Washington Justice,Los Angeles Valiant,0,3,7,0.015331137009731318,0.05024343807118341,1312.19039105462,1590.3829153739377
34624,Vancouver Titans,Toronto Defiant,0,4,5,0.022030079445520292,0.024165414951081335,1077.6261606028538,1469.1129787747934
34625,Philadelphia Fusion,Houston Outlaws,1,14,6,0.07321637977040761,0.02607018149329417,2094.440624575872,1446.0435716465342
34626,San Francisco Shock,Philadelphia Fusion,1,13,15,0.06200369285878328,0.06362304215258799,1900.686016597037,2072.4675265481233
34627,Vancouver Titans,Atlanta Reign,0,4,7,0.024519578931856342,0.02703300943178852,1274.4353916010857,1621.3036360156418
34631,Los Angeles Gladiators,Atlanta Reign,1,6,8,0.04473197574165132,0.028992369412383968,1555.2259172595884,1613.799550569079
34632,Florida Mayhem,Dallas Fuel,1,10,6,0.062036151550542346,0.02239882238079672,1840.9285858632393,1477.5021714356742
34633,Paris Eternal,Boston Uprising,1,8,2,0.0600570847073114,0.01817417860074422,1686.4459075696377,1308.074197114609
34634,Seoul Dynasty,New York Excelsior,0,7,11,0.08829592982451356,0.0581888827217113,1703.0592214171772,1952.2130899228316
34635,Shanghai Dragons,London Spitfire,1,17,6,0.11916401708674833,0.028956767868803662,2067.1147505672516,1531.786873893042
34641,Paris Eternal,Los Angeles Valiant,1,9,8,0.05393307116149368,0.05810107880826844,1670.7873592743485,1591.0469942326083
34642,New York Excelsior,Guangzhou Charge,0,12,11,0.059979039848138155,0.06590293842500086,1790.6357328299828,1897.5777155648448
34713,Los Angeles Valiant,Los Angeles Gladiators,0,8,7,0.0540717813761431,0.042763600950180836,1588.5722978250135,1548.639502358684
34714,San Francisco Shock,Atlanta Reign,1,14,8,0.08839614027962249,0.02798647987333415,2067.511828740271,1500.324405031956
34715,Paris Eternal,Dallas Fuel,1,10,6,0.08280067029535246,0.0237160020575738,1928.6509076061739,1502.7167001046016
34716,Seoul Dynasty,London Spitfire,1,7,6,0.06432057225643378,0.024421480719013497,1667.7512075838297,1471.3112292837122
34717,Vancouver Titans,Los Angeles Valiant,0,4,8,0.020811753080117845,0.053234821707053626,1298.9473873088743,1619.9335657102492
34718,Los Angeles Gladiators,Atlanta Reign,1,8,8,0.04157284512210531,0.02824146308719332,1571.3721753226387,1501.9723568358627
34719,Toronto Defiant,Dallas Fuel,0,6,6,0.029126533962943544,0.022515945046030123,1423.6152785436761,1509.7701227436564
34720,Washington Justice,San Francisco Shock,0,3,15,0.017177131689543566,0.08850794718900883,1388.9718472799289,2053.5650852190447
34741,Paris Eternal,Dallas Fuel,1,11,7,0.05194986120904638,0.023645507716059735,1915.4836336936844,1496.238706144927
34742,Houston Outlaws,Florida Mayhem,1,6,11,0.029144771936845178,0.04810474023582545,1494.1790981376428,1798.6685674470525
34743,Washington Justice,Los Angeles Gladiators,1,3,9,0.01651544606656779,0.05443741514784681,1320.5470770011118,1541.442402397012
34744,Toronto Defiant,Los Angeles Valiant,1,6,9,0.02358016906896491,0.06094163832019994,1418.7855679131137,1498.3223581092586
34745,Washington Justice,Boston Uprising,1,4,2,0.01528077118831047,0.01834356867817713,1320.5470770011118,1197.3304627468644
34746,Washington Justice,San Francisco Shock,0,5,16,0.0215467317567482,0.07381052243379424,1320.5470770011118,1958.1057129747965
34747,Vancouver Titans,Paris Eternal,0,4,12,0.02379166997251067,0.05217176838936971,1270.0508490628067,1776.806558852384
34748,Philadelphia Fusion,Houston Outlaws,1,15,7,0.05939999281489665,0.034518421532081345,1989.238673689915,1550.1389252010574
34749,Toronto Defiant,Atlanta Reign,1,7,8,0.02854178813970157,0.02821629064666227,1469.2738894124632,1535.1821643787541
34750,San Francisco Shock,Paris Eternal,0,17,13,0.07432549616267636,0.053151491735923415,1958.1057129747967,1782.1650912069135
34751,Philadelphia Fusion,Paris Eternal,0,16,14,0.06496579283378126,0.07208137524024251,2071.427270643841,1801.4769216944433
34752,Toronto Defiant,Philadelphia Fusion,0,8,16,0.031034263243425262,0.05966193593856571,1466.1612866458916,1968.7924232589207
34754,Seoul Dynasty,London Spitfire,1,8,6,0.0829072050918722,0.029818487199482883,1705.385069903393,1572.159050217056
34755,Guangzhou Charge,Chengdu Hunters,1,12,4,0.06909724160156716,0.07174569265764845,1913.24510359953,1419.4448676161414
34756,New York Excelsior,Hangzhou Spark,1,12,7,0.056362218974379555,0.047683661798773216,1803.7490883984372,1605.5132839466085
34757,Shanghai Dragons,Seoul Dynasty,1,18,9,0.10565374825288264,0.08359847254519523,2038.02855007228,1678.1206989524726
34758,Shanghai Dragons,Guangzhou Charge,0,19,13,0.10877101323295885,0.07262462002145689,2058.301044084504,1913.24510359953
34759,New York Excelsior,Guangzhou Charge,0,13,14,0.05702587971565837,0.0681606001913157,1791.7798587141344,1980.4072852599127
34761,New York Excelsior,London Spitfire,1,13,6,0.05802332494347995,0.02456086129005575,1737.071249837992,1582.794451183097
34762,Seoul Dynasty,Hangzhou Spark,0,9,7,0.0645946442192356,0.046101412993898444,1650.6226073204907,1690.8955089464505
34763,Los Angeles Gladiators,Florida Mayhem,0,9,11,0.0416643888652968,0.051153069750261515,1544.3286197876917,1764.6459370832856
34764,Vancouver Titans,Boston Uprising,1,4,2,0.020609482075201257,0.014100818557852744,1310.0600005104982,1130.3239360937553
34765,Vancouver Titans,Atlanta Reign,1,5,8,0.01874768183970297,0.028300158197514785,1310.0600005104982,1516.2668120709811
34766,Los Angeles Valiant,Florida Mayhem,1,9,12,0.05028356915408751,0.0516793813811056,1601.8735567733474,1748.3121083706976
34767,Toronto Defiant,San Francisco Shock,0,8,17,0.029029590114929695,0.0886267747169532,1434.0709313298232,2029.7218351394133
34768,Seoul Dynasty,London Spitfire,1,9,6,0.06392595839444394,0.024919035089977688,1685.8263307727534,1474.0917314801648
34769,San Francisco Shock,Philadelphia Fusion,0,18,17,0.08535885064947624,0.07584853642434486,2014.7336442982287,2166.8224770319066
34770,Los Angeles Gladiators,Boston Uprising,1,9,2,0.04688245758997503,0.014500328024643648,1564.8805253666505,1148.5638542076038
34771,Vancouver Titans,Dallas Fuel,0,6,7,0.019262415111965775,0.02229796295878978,1234.6618975855374,1486.434017918178
34772,Paris Eternal,Atlanta Reign,1,15,8,0.08464386326146722,0.02957156012827468,1934.7533336548672,1595.9557874777674
34773,Seoul Dynasty,New York Excelsior,1,10,14,0.06107812982843312,0.059765619579941434,1665.7565739782701,1676.6437475690598
34774,Shanghai Dragons,London Spitfire,1,19,6,0.09558887312476701,0.024979207805197513,2043.1489933292307,1498.8233423840268
34775,Los Angeles Gladiators,Dallas Fuel,1,10,8,0.04624585499545904,0.022333026256224697,1549.4258670732193,1466.8336396156117
34776,Vancouver Titans,Florida Mayhem,0,6,12,0.01936461824442532,0.0505667496060456,1248.8961847187272,1790.557902407233
34777,Seoul Dynasty,London Spitfire,1,11,6,0.059782231023936164,0.02497226988322414,1610.808342848831,1478.6815710338124
34778,Philadelphia Fusion,Los Angeles Valiant,1,18,10,0.06783508788712936,0.05519349452183242,2137.9714892562592,1572.7962144833145
34779,Los Angeles Gladiators,Florida Mayhem,0,11,13,0.043882684289554746,0.049893447509865504,1488.8825385197579,1751.7674483455964
34780,Dallas Fuel,Atlanta Reign,0,8,8,0.023460260867819223,0.030008342791520412,1479.499436339194,1635.2831214518521
34781,San Francisco Shock,Houston Outlaws,1,18,7,0.07530610854818628,0.03393022648182918,1975.18635608503,1444.652792072037
34782,Vancouver Titans,Toronto Defiant,0,6,8,0.020261823438445733,0.03239651656404488,1225.140880330863,1472.752578455288
34783,Washington Justice,Paris Eternal,0,5,16,0.019420157244860875,0.08519696590557853,1375.5204278078654,1939.5842737446376
34791,Shanghai Dragons,New York Excelsior,1,20,14,0.09613579638259098,0.05886709923543859,2092.2953084421533,1775.2156425565643
34792,London Spitfire,Hangzhou Spark,0,6,8,0.02662903591777035,0.044087169095465534,1542.0168561190553,1606.0672826919624
34793,Seoul Dynasty,Guangzhou Charge,0,12,15,0.06340062300061663,0.08822191464725174,1570.7015014546762,1961.8994019716984
34801,Los Angeles Valiant,Houston Outlaws,1,10,7,0.05364693096595537,0.0340361695209873,1551.4126852811587,1445.645567478333
34802,Philadelphia Fusion,Dallas Fuel,1,19,8,0.06866929725705945,0.024122826404745237,2094.7363104026595,1511.8823793971399
34803,Washington Justice,Houston Outlaws,1,5,7,0.018037652047937922,0.03409666429496212,1377.4008462512702,1447.2184608626703
34804,Toronto Defiant,Philadelphia Fusion,0,9,20,0.03242160889019574,0.0674110901079571,1478.2162731955557,2078.4716357388343
34805,Paris Eternal,Los Angeles Gladiators,1,17,11,0.08300409990185864,0.04436423478060057,1915.1877254318758,1503.649155261481
34806,Shanghai Dragons,Seoul Dynasty,1,21,12,0.09619715298980348,0.06366385999756806,2094.38876235522,1510.5577881596391
34807,Hangzhou Spark,Chengdu Hunters,0,9,4,0.04563426843478134,0.06161248950102553,1555.5969875832898,1657.7208329390876
34808,Philadelphia Fusion,Los Angeles Gladiators,1,21,11,0.06429019680496699,0.044424890552533666,1996.1729717385856,1515.600846558528
34809,Dallas Fuel,Boston Uprising,1,8,2,0.02408438903786987,0.016432609548278306,1519.7706134478558,1178.8609788231922
34810,Washington Justice,Florida Mayhem,0,6,14,0.019227400952505427,0.04950215556632684,1339.4271713362275,1735.4394837430486
34811,Vancouver Titans,San Francisco Shock,0,6,19,0.021377781717836646,0.07481670032719444,1244.6694809606486,1897.166633828099
34812,New York Excelsior,Guangzhou Charge,1,14,16,0.05387099120682985,0.09089231170993219,1816.693231844815,1947.0859091627046
34813,Shanghai Dragons,London Spitfire,1,22,6,0.10056720870406335,0.027464855344392428,2036.8999039213318,1585.939857498798
34821,Seoul Dynasty,Chengdu Hunters,0,12,5,0.06813338336972648,0.060171227834505556,1477.2796124256145,1623.8589459270115
34822,San Francisco Shock,Florida Mayhem,1,20,15,0.07014682256884157,0.049640144313196896,1873.4001303602206,1711.637897052995
34823,Boston Uprising,Atlanta Reign,0,2,9,0.016325638381565026,0.03109286327957803,1187.2803651791266,1585.2324689721665
34824,Los Angeles Valiant,Boston Uprising,1,11,2,0.0521905541165469,0.016324600330190935,1532.148914754902,1187.2803651791266
34825,Florida Mayhem,Atlanta Reign,1,15,10,0.04766362722598218,0.031012093612665003,1736.140156522321,1576.7111568110977
34831,Toronto Defiant,Paris Eternal,0,9,18,0.03299785741601706,0.08046576450832882,1450.1125157813142,1917.4322595780834
34832,Los Angeles Valiant,Atlanta Reign,0,12,10,0.05251359928679923,0.027340663265795054,1475.7881289206782,1610.88871066254
34833,San Francisco Shock,Boston Uprising,1,21,2,0.07099351583520842,0.016444666278616175,1907.534711198323,1201.0830644666055
34834,Washington Justice,Toronto Defiant,0,6,9,0.019667042586940454,0.032358474038658755,1348.4765434316223,1474.4333547793856
34835,Vancouver Titans,Los Angeles Gladiators,0,6,11,0.021808056251300223,0.04265166931276047,1244.7006932811812,1520.5069551368522
34836,New York Excelsior,Chengdu Hunters,0,15,6,0.055255743817766906,0.05620542183583206,1721.795252706907,1537.5142719297721
34841,London Spitfire,Guangzhou Charge,0,6,16,0.027473522013034442,0.09348069751906567,1582.9786480471307,1994.4787191602793
34842,Seoul Dynasty,Hangzhou Spark,0,12,9,0.06974873105284649,0.0444294540628926,1583.4630660507828,1630.79720728921
34843,Houston Outlaws,Dallas Fuel,0,7,9,0.03596695090516519,0.023409814691301545,1477.7150462477302,1506.199693763345
34844,Vancouver Titans,Paris Eternal,0,6,19,0.021686336293353942,0.08029549656643535,1271.9477117095282,1896.548583887198
34891,Toronto Defiant,Los Angeles Gladiators,0,10,12,0.03258481846176512,0.04314715190708099,1434.9546663937815,1485.019007753297
34892,Washington Justice,Dallas Fuel,0,6,10,0.018356756338608275,0.022659065448109274,1357.0688043997172,1506.1562527469032
34893,Los Angeles Valiant,Houston Outlaws,1,12,7,0.05505676095374093,0.03357497195326977,1587.5707605159328,1425.3589551092039
34894,Vancouver Titans,Atlanta Reign,0,6,11,0.019837397916916272,0.03118783361075964,1247.9993094248262,1658.2459836659727
34895,Vancouver Titans,Boston Uprising,1,6,2,0.019291188064731075,0.014721825093964462,1247.9993094248262,1154.4973862688682
34901,San Francisco Shock,Dallas Fuel,1,22,11,0.07553673736735168,0.023199268008410864,1983.4021927892181,1479.499436339194
34902,Florida Mayhem,Atlanta Reign,1,16,12,0.052902584148005874,0.03148943116752691,1755.249068544359,1660.8342592003294
34903,Paris Eternal,Los Angeles Valiant,1,20,13,0.08451827023441714,0.05599814581280099,1918.69797292754,1587.5707605159328
34904,Philadelphia Fusion,Los Angeles Gladiators,1,22,13,0.07133929179668241,0.04481402688147064,2200.958694705856,1518.644566064131
34905,San Francisco Shock,Florida Mayhem,1,23,17,0.07528394371868638,0.05454570650549112,2003.532902979443,1755.249068544359
34906,San Francisco Shock,Philadelphia Fusion,1,24,23,0.0784674065844632,0.07808886767410592,2021.4996663075387,2162.636704742633
34907,Philadelphia Fusion,Paris Eternal,1,23,21,0.07194795562779349,0.08803762038253912,2137.9714892562592,1917.348509309188
34912,New York Excelsior,Guangzhou Charge,1,15,17,0.05772754499497,0.08764165337333339,1805.930340875249,1921.32246357188
34913,Seoul Dynasty,Hangzhou Spark,0,12,10,0.06264149267945682,0.04447817344515256,1568.453211659272,1635.8737719435753
34914,London Spitfire,Chengdu Hunters,0,6,7,0.02647572588150876,0.06188477788135506,1495.4260972624033,1651.8844489811297
34915,Shanghai Dragons,New York Excelsior,1,23,16,0.0941357568778075,0.06301781160844876,2119.2974773284577,1775.2156425565645
34916,Shanghai Dragons,Hangzhou Spark,1,24,11,0.09687937755799411,0.04767500910784281,2152.9221093898427,1635.8737719435753
34917,Hangzhou Spark,Chengdu Hunters,1,11,8,0.04549929668484361,0.061019617786874675,1647.5156665495922,1582.1353945702426
35509,Seoul Dynasty,San Francisco Shock,0,12,25,0.07137842958491045,0.09173825189940385,1556.1356546450206,2019.3567969428927
35510,Shanghai Dragons,Philadelphia Fusion,1,25,24,0.08675898760159755,0.08804704765680901,2114.7587102717202,2168.8500839005433
35513,Seoul Dynasty,Hangzhou Spark,1,12,12,0.06429795930335817,0.04759593993173562,1720.0869450628277,1657.2760677154033
35514,New York Excelsior,Chengdu Hunters,1,16,8,0.05835215183810817,0.05865936986300534,1776.0052198330923,1601.8165128585936
35515,London Spitfire,Chengdu Hunters,0,6,8,0.024318950004736058,0.0577709389660198,1436.2442663757156,1601.8165128585933
35521,Shanghai Dragons,New York Excelsior,1,26,17,0.09071288674056001,0.0587869096916797,2192.232494863472,1754.3259597311842
35522,Seoul Dynasty,Guangzhou Charge,1,13,17,0.06573033806664666,0.07772523169373477,1650.2766519641857,1896.5998635441415
35523,Shanghai Dragons,Seoul Dynasty,1,27,14,0.09019526408038187,0.06856791566580223,2214.860793868,1700.3573222521097
35524,Seoul Dynasty,New York Excelsior,1,14,17,0.06842098035608156,0.0595118424985948,1696.344346130807,1812.2301441698803
35525,New York Excelsior,Guangzhou Charge,1,17,17,0.057075694729139814,0.07752671114399314,1781.376845446661,1810.7067475766526
35531,Washington Justice,Dallas Fuel,1,6,11,0.018116317641681985,0.0230612835562387,1518.0341696121275,1468.9226862900134
35532,Boston Uprising,Atlanta Reign,0,2,12,0.015321400141532299,0.027263271994487318,1171.8443302112971,1540.5619287959455
35533,Toronto Defiant,Los Angeles Gladiators,0,10,13,0.028320129065370448,0.04547244303678186,1402.813153107534,1615.6213766510748
35534,Washington Justice,Vancouver Titans,1,7,7,0.01730362563751442,0.02058927203870612,1416.9418893986485,1272.560790371396
35535,Houston Outlaws,Boston Uprising,0,7,2,0.02938613078615684,0.014107297381221684,1364.1824981387126,1174.8534094228542
35536,Philadelphia Fusion,Los Angeles Gladiators,1,24,14,0.08785266389929859,0.04635179128945531,2166.822477031907,1599.4714293514332
35537,Los Angeles Valiant,Florida Mayhem,1,13,17,0.05331507061597511,0.051808336495521745,1611.1987923867628,1764.6459370832856
35538,Washington Justice,San Francisco Shock,0,8,26,0.01900807143112168,0.08772196549822096,1447.3353748460822,2053.310157374436
35539,Paris Eternal,Atlanta Reign,0,21,13,0.08289055111561586,0.027389071521340583,1929.460267480007,1540.5619287959455
35540,Philadelphia Fusion,Los Angeles Valiant,1,25,14,0.08333791155097178,0.0543876507794772,2181.243865312222,1645.471220396834
35541,San Francisco Shock,Philadelphia Fusion,1,27,26,0.08629776196094462,0.08532736049534997,2087.1938856532456,2214.008639882533
35543,Washington Justice,Philadelphia Fusion,0,8,26,0.03093459514609087,0.08506597658025869,1518.0341696121275,2138.469673571772
35544,Washington Justice,Los Angeles Valiant,1,8,14,0.024977722881732552,0.05445825508188104,1545.2454330520798,1601.1123350839853
35545,Washington Justice,Florida Mayhem,1,9,17,0.02761834622234461,0.05096882058949029,1518.0341696121275,1768.4851219965751
35546,Los Angeles Gladiators,Florida Mayhem,0,14,17,0.04687835832458684,0.051333052376743765,1588.3989930501605,1728.0784290609872
35547,Florida Mayhem,Atlanta Reign,1,18,14,0.05218249536544821,0.033406330758397725,1749.4029774185165,1593.671687191216
35548,San Francisco Shock,Atlanta Reign,1,28,14,0.0855457787062129,0.03347612179406427,2085.025235814783,1579.3194083342523
35549,Washington Justice,Paris Eternal,1,10,21,0.018715634066573464,0.08145355696774136,1490.883895351273,1810.0484548005709
35551,Shanghai Dragons,San Francisco Shock,0,28,29,0.10181161100190195,0.08713347070384705,2138.3567578306684,2067.901650871888
35552,Seoul Dynasty,San Francisco Shock,0,15,30,0.08400706834319288,0.10224700445732901,1720.0869450628277,2148.104560615295
35553,Shanghai Dragons,Seoul Dynasty,0,28,15,0.0933548613436002,0.07242825591447966,2014.714643039131,1782.5422144343722
35554,Seoul Dynasty,Philadelphia Fusion,1,16,27,0.061634527548060314,0.09255045601674473,1793.1333689959808,2032.017641386285
37147,Houston Outlaws,Dallas Fuel,0,0,0,0.041888826741822954,0.039664511579209395,1532.9763361364658,1784.7147276489961
37148,Washington Justice,Florida Mayhem,0,0,0,0.0324105311428272,0.05032080728873685,1666.8458346921523,1753.265310251786
37149,San Francisco Shock,Dallas Fuel,0,0,1,0.09968408187896162,0.026832133440875473,1982.9755579085377,1762.2840923105998
37150,Toronto Defiant,Florida Mayhem,0,0,1,0.025499813057509133,0.049609307597436134,1659.4469237632802,1738.9649013893422
37211,San Francisco Shock,Atlanta Reign,1,0,0,0.10267537039562227,0.03408596979434421,2038.543745769253,1526.938141279246
37212,Toronto Defiant,London Spitfire,1,0,0,0.02525095749600142,0.02286959567550355,1683.1846616770235,1181.3138213621312
37213,Paris Eternal,Florida Mayhem,0,0,2,0.06787674998646835,0.04852995001582543,1311.6431388052104,1725.2718135654807
37214,Washington Justice,Toronto Defiant,1,0,1,0.031849957111278554,0.025919997099855912,1736.1910191837171,1676.6190265635423
37215,San Francisco Shock,Florida Mayhem,1,1,3,0.10138472589396193,0.049002055166976796,2008.1098709143726,1700.8861947044916
37216,London Spitfire,Boston Uprising,0,0,0,0.022884723866837323,0.015990868749717786,1203.0198897395733,1356.4245035620786
37217,Washington Justice,Boston Uprising,1,1,1,0.031877631617123495,0.016054659925006248,1699.8383504535486,1356.4245035620786
37218,Paris Eternal,Atlanta Reign,0,0,0,0.06929827119783334,0.031541577926978454,1322.9291492346485,1525.2578882024002
37219,Washington Justice,Vancouver Titans,1,2,0,0.03178924420488072,0.01876823527950951,1676.1878770685144,1244.7317756420834
37220,Dallas Fuel,Boston Uprising,1,2,1,0.02762027792494125,0.016127478819459543,1666.8445626836153,1307.99665775055
37221,London Spitfire,Houston Outlaws,0,0,0,0.023050610869989288,0.04663845166133687,1295.1888918128184,1912.9827148891968
37222,Washington Justice,Dallas Fuel,1,3,3,0.030431933718868383,0.027293992498647543,1642.4913429414826,1650.7598156283311
37223,Los Angeles Gladiators,Boston Uprising,1,0,1,0.04446837963297444,0.016010497510731112,1661.4656092968407,1367.2907646995418
37224,Paris Eternal,Houston Outlaws,0,0,1,0.06908530181586844,0.04224236674237232,1383.21489551715,1794.3989116734986
37225,Los Angeles Gladiators,London Spitfire,1,1,0,0.0435850550273532,0.023333692831164918,1651.902438079007,1351.435980036659
37226,Vancouver Titans,Paris Eternal,0,0,0,0.01879564371853584,0.06774270903657867,1265.9002466522275,1520.6490291913203
37227,Toronto Defiant,Atlanta Reign,1,1,1,0.02555283020600667,0.031749035281525104,1786.3094456059682,1441.65872110745
37228,Vancouver Titans,Florida Mayhem,0,0,3,0.01888313852086288,0.0484287783182958,1262.694000455078,1710.1988482732668
37229,San Francisco Shock,Houston Outlaws,0,2,2,0.10364857378229178,0.026100642294711693,1901.8369751714192,1774.4778536176557
37230,Los Angeles Gladiators,Dallas Fuel,0,2,3,0.049366399604286335,0.023125290815480416,1594.1587163218396,1698.8255547383574
37231,Florida Mayhem,Atlanta Reign,1,4,1,0.04824206620157022,0.03198379561095249,1697.2580296036895,1496.324582818093
37232,Vancouver Titans,Toronto Defiant,0,0,2,0.019514139457036186,0.02610971586269356,1268.4694982605859,1646.5163924089507
37233,San Francisco Shock,Los Angeles Gladiators,1,2,2,0.1059357176066807,0.04974166229654617,2000.3240761101395,1668.7208833543923
37234,Houston Outlaws,Dallas Fuel,1,3,4,0.025648505173133867,0.023322267186422312,1632.3216906073303,1674.8052065225124
37235,Hangzhou Spark,Chengdu Hunters,1,0,0,0.04857136800139339,0.052768038471062165,1575.4729015520218,1517.4715806806582
37236,Seoul Dynasty,Guangzhou Charge,1,0,0,0.06726198980524038,0.05241980352899381,1825.7857742550368,1610.276804953273
37237,Philadelphia Fusion,Los Angeles Valiant,1,0,0,0.0788285316925045,0.043890510660495693,1871.740532526225,1324.9604455511028
37238,Los Angeles Valiant,Hangzhou Spark,0,0,1,0.044466139878722846,0.0473754721388991,1324.9604455511028,1772.874309902241
37239,Seoul Dynasty,Chengdu Hunters,1,1,0,0.0658094881201061,0.052906819045117195,1807.9730920915244,1646.073428290349
37240,Philadelphia Fusion,Guangzhou Charge,1,1,0,0.07661002230622155,0.053262014097414476,1857.3070939066747,1628.2689307935725
37241,Shanghai Dragons,New York Excelsior,1,0,0,0.08835031914723078,0.051125630182778756,1970.766385559525,1672.861167272215
37242,Hangzhou Spark,Guangzhou Charge,1,2,0,0.04077515781476307,0.05940529468593354,1642.772396376067,1584.0422405528727
37243,Seoul Dynasty,Los Angeles Valiant,1,2,0,0.07665746650547975,0.05080064327604626,1823.6099084020725,1328.8522705804673
37244,Shanghai Dragons,Hangzhou Spark,1,1,3,0.08804825628730953,0.04072013509602844,1993.3967706244732,1544.4058323391505
37245,Seoul Dynasty,New York Excelsior,1,3,0,0.07552824403169772,0.0527611510152098,1809.9307602053848,1663.3065681916314
37246,Los Angeles Valiant,Guangzhou Charge,0,0,0,0.051556984939613484,0.05754848207442603,1341.9898234163647,1653.9487369229262
37247,Philadelphia Fusion,Chengdu Hunters,1,2,0,0.0861793742177283,0.057106186944196696,1967.264766887741,1783.3050975125152
37248,New York Excelsior,Hangzhou Spark,1,0,3,0.05191899932281885,0.04159976269148627,1715.037190919455,1567.0633491924584
37249,Philadelphia Fusion,Hangzhou Spark,1,3,3,0.08553523321064305,0.042044316568156756,1951.452953841658,1540.3909033679108
37250,New York Excelsior,Chengdu Hunters,0,1,0,0.0521460714556148,0.05552486845064361,1560.741560736656,1853.7538029554235
37251,Philadelphia Fusion,Los Angeles Valiant,1,4,0,0.08889442283722242,0.05520294256627606,1935.4768312493316,1355.138196761721
37252,Seoul Dynasty,Guangzhou Charge,1,4,1,0.08116960949080304,0.06227207369508646,1786.696397228934,1528.9564521943635
37253,Shanghai Dragons,Chengdu Hunters,0,2,1,0.09269785759682868,0.04641578115880422,2040.4412447582474,1653.2098836935418
37254,Seoul Dynasty,Philadelphia Fusion,0,5,5,0.08240667820005997,0.08714827611136272,1786.696397228934,1920.8991939703928
37255,Los Angeles Valiant,Chengdu Hunters,0,0,2,0.056451210817365996,0.04468602194423753,1345.35070271074,1653.2098836935418
37256,Shanghai Dragons,Guangzhou Charge,1,2,1,0.09269325604359839,0.0630058241237974,2040.4412447582474,1568.0881120100728
37257,Washington Justice,San Francisco Shock,0,4,3,0.03421629592191054,0.09266159718938409,1641.6756303982077,1994.5641917919688
37258,Vancouver Titans,Dallas Fuel,0,0,4,0.019155724303410438,0.06063141951504174,1203.4510550530606,1898.86025586551
37259,Paris Eternal,Los Angeles Gladiators,0,1,2,0.06138986909243298,0.043114654975240405,1399.505826364022,1776.6507932662387
37260,Washington Justice,Florida Mayhem,1,4,5,0.03239304355849493,0.05207359967575188,1655.9137309467844,1673.5284445283687
37261,Vancouver Titans,San Francisco Shock,0,0,4,0.019162583995137684,0.09293335762526923,1212.6302255869784,1963.1637977628138
37262,Los Angeles Gladiators,Boston Uprising,1,3,1,0.04285656943764836,0.018011886288712226,1746.7494499121672,1454.5275871859974
37263,Florida Mayhem,Dallas Fuel,0,5,5,0.05210638574614651,0.059209473151716,1702.4871916045515,1882.3564322081886
37264,Paris Eternal,Boston Uprising,1,1,1,0.06071437703130983,0.018054021884692704,1463.4442792814223,1465.1072597957343
37265,San Francisco Shock,Dallas Fuel,1,5,6,0.09135897059670318,0.05909998541052887,1946.7899507446864,1865.149028038244
37266,Vancouver Titans,Atlanta Reign,0,0,1,0.019425446043804067,0.03488347291530226,1213.1902900606929,1562.9702958378502
37267,Toronto Defiant,Houston Outlaws,0,3,4,0.027939322045138562,0.04360235774034198,1507.664429324064,1737.2616177693176
37268,Los Angeles Gladiators,Atlanta Reign,1,4,2,0.04242267186805175,0.03522525799995381,1729.0521114613964,1541.3657490694225
37269,Toronto Defiant,San Francisco Shock,0,3,6,0.02832332597675888,0.09164512121939712,1572.6336351148502,1931.6259120352004
37270,London Spitfire,Houston Outlaws,0,0,5,0.0214693603174999,0.04321443750495425,1166.1093987790766,1708.8458847646536
37271,Vancouver Titans,Los Angeles Gladiators,0,0,5,0.019690346697265843,0.042208226937797785,1242.4697023671115,1698.6236862733733
37272,London Spitfire,Dallas Fuel,0,0,6,0.021504685240049937,0.05846358364454078,1177.5005057773144,1891.4633133048646
37273,Houston Outlaws,Florida Mayhem,1,6,5,0.040942170224974206,0.05316503301043517,1683.2510729773915,1727.543439571874
37274,Washington Justice,Boston Uprising,0,5,1,0.03330906195194106,0.016898098250801585,1519.908714771789,1505.750615837867
37275,London Spitfire,Atlanta Reign,0,0,2,0.021668497385772402,0.034863611030366046,1182.0591700627342,1574.6064108712287
37276,Toronto Defiant,Boston Uprising,0,3,2,0.029109907354336252,0.015976945918531597,1631.2268691512063,1479.455115380534
37277,Houston Outlaws,Atlanta Reign,0,7,3,0.04234527761702904,0.03424421054168311,1622.9485821696942,1556.413647785869
37278,Washington Justice,Paris Eternal,0,5,2,0.03419703102715041,0.0640774647752751,1599.507452288438,1377.5473414860999
37279,London Spitfire,Florida Mayhem,0,0,5,0.02135336140637861,0.0555318784430269,1142.4937330900248,1759.9215421290173
37280,Toronto Defiant,Paris Eternal,1,3,3,0.02599390659057349,0.06653775261398127,1707.0360923756896,1265.2062514991028
37281,Shanghai Dragons,Seoul Dynasty,1,3,5,0.09426986278909855,0.06707607432596643,1990.0535507383076,1799.4460820265147
37282,New York Excelsior,Los Angeles Valiant,1,1,0,0.05193901239879531,0.04493972093481853,1656.1795561404153,1329.1189732236046
37283,Seoul Dynasty,New York Excelsior,1,5,2,0.06532510601488471,0.05218960458285403,1814.192597953791,1653.8439539995743
37284,Shanghai Dragons,Los Angeles Valiant,1,4,0,0.0928281001439986,0.0451646953224204,1882.5287708201395,1339.4725528415872
37285,Philadelphia Fusion,Chengdu Hunters,0,6,3,0.07917266223164383,0.048590895215890606,1848.2281451245947,1721.361843578994
37286,New York Excelsior,Guangzhou Charge,0,2,1,0.05185203940420993,0.05173929292031869,1658.3668842168104,1619.0407902972256
37287,Shanghai Dragons,Hangzhou Spark,0,5,3,0.09258954789337386,0.04023571580105115,1950.807856595616,1750.416950359692
37288,Philadelphia Fusion,New York Excelsior,0,6,2,0.08138893366043985,0.04437075945040035,1891.4811308591568,1703.2088416153722
37289,Shanghai Dragons,Chengdu Hunters,1,5,4,0.09050429922047785,0.04916330883666249,2004.363595684572,1651.6104791765324
37290,Hangzhou Spark,Guangzhou Charge,1,4,2,0.037704601648695754,0.05062041033115448,1693.3556748406863,1552.8775293801928
37291,Washington Justice,Los Angeles Gladiators,1,5,6,0.03477820067269509,0.04992474300387427,1646.6411181798999,1661.4656092968405
37292,Toronto Defiant,Dallas Fuel,0,4,7,0.027825014668809878,0.07124713039042206,1563.3365403715527,1986.563397736674
37293,Boston Uprising,Atlanta Reign,0,3,4,0.02140127629204057,0.04385257754884285,1466.534371885699,1653.6007246432473
37294,Houston Outlaws,Dallas Fuel,0,7,8,0.04576651794369663,0.07027094174496296,1667.0415540049216,1975.0576871819612
37295,Toronto Defiant,Los Angeles Gladiators,0,4,6,0.028140439535615652,0.04979869506242625,1598.2905635342047,1742.423761879989
37296,Washington Justice,London Spitfire,1,6,0,0.03471320253998176,0.019756340874510836,1640.2173946574815,1167.0869321432824
37297,Houston Outlaws,Boston Uprising,0,7,3,0.04652439594553093,0.02041070345822948,1709.868313237114,1486.818151377902
37298,London Spitfire,Atlanta Reign,0,0,5,0.01955155126277714,0.04453046890786269,1207.317933981363,1643.5292638032856
37299,Washington Justice,Florida Mayhem,1,7,6,0.033444614691045926,0.05083648778316399,1643.1918864600264,1514.9844557066988
37300,Vancouver Titans,Houston Outlaws,0,0,7,0.019441614764127788,0.04629007260884045,1161.736701992375,1780.152420714999
37301,Dallas Fuel,Atlanta Reign,1,9,6,0.06978622704284647,0.04460477105507431,1963.6971381026142,1631.0686083215417
37302,San Francisco Shock,Houston Outlaws,0,7,8,0.09413640416264214,0.03971267793020858,1870.3397576474474,1762.5089259069273
37303,Florida Mayhem,Dallas Fuel,0,6,10,0.0520357473521887,0.0675507304432502,1543.7123439408708,1952.782226784404
37304,Vancouver Titans,Paris Eternal,0,0,3,0.01955412624444343,0.060910478914175184,1168.5442365102977,1532.3825464808915
37305,Washington Justice,Atlanta Reign,0,8,6,0.03328574905066639,0.044757350118044145,1607.6155958781198,1649.2792698427259
37306,San Francisco Shock,Paris Eternal,1,7,4,0.0915777435928866,0.060503317510892274,1913.4564744824938,1473.4976898883622
37307,Vancouver Titans,Toronto Defiant,0,0,4,0.019517346268281943,0.029063848011100527,1170.2868143588569,1653.4742310666395
37308,Florida Mayhem,Boston Uprising,0,6,4,0.05228609190568988,0.018289332158564812,1612.008486848936,1453.7737819665044
37309,Paris Eternal,Los Angeles Gladiators,1,4,7,0.058631547210778304,0.05276806480155448,1516.283172728591,1726.099095087659
37310,Vancouver Titans,Boston Uprising,0,0,5,0.01954602725521801,0.017893359760008366,1184.0956331404086,1393.4102432130112
37311,Toronto Defiant,Florida Mayhem,1,5,6,0.026861643697184648,0.05253437892663683,1630.8779730576564,1586.9784021361577
37312,San Francisco Shock,London Spitfire,1,8,0,0.09277135788128225,0.01997969593346847,1879.2635471228375,1218.6193339970646
37313,San Francisco Shock,Los Angeles Gladiators,0,9,7,0.09347025461466449,0.04567554733816841,1896.4808571560627,1761.3685815682175
37314,Paris Eternal,London Spitfire,1,5,0,0.05995579692834703,0.02013438515854392,1421.8440701873155,1210.8953733700685
37315,Shanghai Dragons,Hangzhou Spark,1,6,5,0.0950917095209926,0.04821584454240256,1956.9206552398844,1717.653115658933
37316,Los Angeles Valiant,Chengdu Hunters,0,0,4,0.03714574039643678,0.05257082155184399,1302.4137627760683,1741.8353322160237
37317,Philadelphia Fusion,New York Excelsior,0,6,3,0.07251362039146661,0.04765491826247589,1815.6843791625029,1649.7520320338026
37318,Shanghai Dragons,Los Angeles Valiant,1,7,0,0.09403129735109565,0.03765673657667002,2004.0100301086402,1314.6665138588544
37319,Philadelphia Fusion,Chengdu Hunters,0,6,5,0.07323642609929909,0.04869412038703845,1860.2147223431093,1711.861700932632
37320,New York Excelsior,Hangzhou Spark,0,4,5,0.047477652701170395,0.0455249827408732,1566.588989362124,1745.285488790656
37321,Shanghai Dragons,Philadelphia Fusion,1,8,6,0.09134620654258034,0.07404223788027972,2052.3985614197386,1895.4190421498183
37322,Seoul Dynasty,Guangzhou Charge,1,6,2,0.06433299322677416,0.04791035178748744,1838.5141054443347,1598.6610416050837
37323,Shanghai Dragons,Seoul Dynasty,1,9,7,0.09106982648182436,0.06482496700822785,2032.7485003630661,1838.5141054443347
37324,Philadelphia Fusion,Guangzhou Charge,1,6,2,0.07371994805688854,0.048860534620663226,1930.8540883847718,1609.9012561223226
37325,New York Excelsior,Los Angeles Valiant,1,4,0,0.04876568285440851,0.03997694798733441,1633.8092602607485,1306.505306647306
37326,Guangzhou Charge,Chengdu Hunters,0,2,6,0.0489154838440707,0.04850989796229821,1619.492305971109,1685.0651033616473
37327,Seoul Dynasty,Hangzhou Spark,1,7,6,0.06504588199830856,0.047284517288668046,1840.5620700246282,1713.2761951013028
37328,New York Excelsior,Guangzhou Charge,0,5,2,0.049589955759614154,0.04800293488939085,1616.3747906019753,1644.6550291066487
37329,Seoul Dynasty,Chengdu Hunters,1,8,7,0.06431156287526313,0.048977466298104705,1826.1685450610548,1611.4491653274215
37330,Los Angeles Valiant,Hangzhou Spark,0,0,6,0.04045940975458108,0.04634632221794914,1316.5657605827191,1747.105618782348
37347,Washington Justice,Los Angeles Gladiators,0,8,8,0.0463857433400442,0.0366102699073289,1633.7378485441513,1761.368581568217
37348,San Francisco Shock,Boston Uprising,1,9,6,0.08273950170273059,0.022679968689639382,1885.7695356808265,1478.3111956933183
37349,Houston Outlaws,Atlanta Reign,0,9,7,0.04190662449919408,0.04487371756507372,1653.3114525412896,1674.853540690809
37350,San Francisco Shock,Dallas Fuel,0,10,11,0.08359346379255123,0.07134920124420362,1827.317509037816,1922.9103708069197
37351,Los Angeles Gladiators,Atlanta Reign,0,9,8,0.0479638461492098,0.04425100497290285,1655.1654338096985,1667.7536502121118
37352,Paris Eternal,Boston Uprising,0,6,6,0.056291485039683536,0.020820957213488797,1493.5992996486602,1444.9591825486073
37353,Washington Justice,Houston Outlaws,0,8,9,0.03761608033034708,0.04326299165150821,1656.845180795806,1693.761030519759
37354,Paris Eternal,Dallas Fuel,1,6,12,0.0540804861696354,0.07408746900563702,1545.0165504422873,1800.7719467233283
37355,New York Excelsior,Atlanta Reign,0,5,9,0.05142025994570261,0.0446481631479637,1657.3787239622623,1650.2843130873982
37356,Shanghai Dragons,Dallas Fuel,0,10,12,0.09111451203643965,0.06192508255009961,2011.4124825622505,1928.1336163968183
37357,Dallas Fuel,Atlanta Reign,1,13,10,0.06741122415559374,0.047557806728330335,1953.7845675596166,1665.69429514384
37358,Shanghai Dragons,Dallas Fuel,1,10,14,0.09173617048111497,0.06955918478999451,1963.3942288615524,1966.2724260439084
37359,Shanghai Dragons,Atlanta Reign,1,11,10,0.08984405046613617,0.04747304815899582,2010.8217335332283,1633.6586840916912
37360,Shanghai Dragons,New York Excelsior,1,12,5,0.08880041363166234,0.049952927537968345,1996.4622945907633,1670.979361083938
37371,Philadelphia Fusion,Hangzhou Spark,1,7,7,0.07246889834569342,0.0468108471246574,1822.071455936509,1751.345545117938
37372,Shanghai Dragons,New York Excelsior,0,13,5,0.09995191783487269,0.05111156107582766,2042.6446808973303,1720.4865597286855
37373,Seoul Dynasty,Los Angeles Valiant,1,9,0,0.06478629594020534,0.034773909547175935,1832.0357587842598,1299.1557624039253
37374,Shanghai Dragons,Philadelphia Fusion,0,13,8,0.10022205760459461,0.06806794562132959,1954.9773744350775,1847.0321073031926
37375,New York Excelsior,Los Angeles Valiant,1,6,0,0.050369701333818365,0.035650632160083996,1663.4457330840955,1298.7234866915967
37376,Seoul Dynasty,Hangzhou Spark,1,10,7,0.06546652527797724,0.04822847316908495,1822.8347529391258,1722.0063811946013
37377,Shanghai Dragons,Florida Mayhem,1,13,6,0.09493220540357421,0.05113373886129775,2128.122474479979,1577.1007503706933
37378,Dallas Fuel,Chengdu Hunters,1,14,7,0.04068703709629273,0.06037581912228733,1781.5839813632545,1819.3974519332357
37379,Shanghai Dragons,Dallas Fuel,0,14,15,0.09678619172531965,0.043310341760000454,2085.5518075870264,1805.678169334367
37380,Shanghai Dragons,Dallas Fuel,0,14,16,0.09449077468431123,0.054334969680319936,2028.09191585753,1843.9620178180676
37381,Seoul Dynasty,Chengdu Hunters,0,11,7,0.07908822736371877,0.05744619065776256,1791.5669935764615,1670.2320670720167
37382,Shanghai Dragons,Philadelphia Fusion,1,14,9,0.08915466051437436,0.08462016841040255,2043.2609065608958,1935.5649858155903
37391,Shanghai Dragons,Florida Mayhem,1,15,6,0.09150130997688653,0.05515608172837248,2069.522935947341,1725.2718135654807
37392,Florida Mayhem,Chengdu Hunters,1,6,8,0.05298689779256288,0.05362325444047088,1751.2666969672503,1666.7128860200667
37393,Shanghai Dragons,Seoul Dynasty,1,16,11,0.09235109341075509,0.06871198531513115,2028.09191585753,1791.5669935764615
37394,New York Excelsior,Hangzhou Spark,1,7,7,0.05074275859930867,0.04986363365837393,1706.330067529935,1751.345545117938
37401,San Francisco Shock,Atlanta Reign,0,10,10,0.09321159092248611,0.03427528451513953,1977.107071209774,1562.920098576211
37402,Los Angeles Gladiators,Dallas Fuel,0,9,17,0.04618818175025227,0.06239603509349839,1714.9419030481372,1928.1336163968183
37403,Boston Uprising,Atlanta Reign,0,7,11,0.01792150259131306,0.03382092364780331,1418.5623913749796,1578.504320899868
37404,Houston Outlaws,Dallas Fuel,0,10,18,0.04340611507262733,0.06121865427633387,1676.0173574023083,1914.2003834870914
37405,Seoul Dynasty,Chengdu Hunters,0,11,8,0.0649171717936247,0.05332829058850082,1813.8909416262122,1658.931270080182
37406,Shanghai Dragons,New York Excelsior,1,17,8,0.09581535319842142,0.05103551862747008,2089.5330653611836,1636.6577613377992
37411,Los Angeles Gladiators,Atlanta Reign,0,9,12,0.05023359518209465,0.043706965834913084,1705.1205309910779,1653.6007246432473
37412,Washington Justice,Dallas Fuel,0,8,19,0.03898735065804976,0.07190001092812123,1668.4153019439486,1996.3755009865552
37413,Los Angeles Gladiators,Boston Uprising,1,9,7,0.04982169954814669,0.02127394566251639,1675.3696592814847,1413.1382997377007
37414,Washington Justice,Paris Eternal,1,8,7,0.036603185571919064,0.056184167277157235,1715.6460900491427,1456.850663797952
37415,Dallas Fuel,Chengdu Hunters,0,20,9,0.0726864893637689,0.05482588170182205,1986.563397736674,1767.2100055971878
37416,Shanghai Dragons,Atlanta Reign,1,18,13,0.09638356859622076,0.04507769008080047,2089.5330653611836,1671.2220603867215
37417,Shanghai Dragons,Chengdu Hunters,1,19,10,0.09795974953897998,0.05808904961618627,2104.067442093281,1789.5869850606332
37418,Shanghai Dragons,Chengdu Hunters,1,20,10,0.0996429135651537,0.060913327112611035,2115.854294071281,1757.2462246997734
37419,Dallas Fuel,Chengdu Hunters,0,20,10,0.0740327247026062,0.05815550785874299,1934.0881178125728,1778.9960968774822
37420,Dallas Fuel,Atlanta Reign,1,20,13,0.07281083090885995,0.04493115191291221,1934.0881178125728,1646.4097602845493
